,metrics/precision(B),metrics/recall(B),metrics/mAP50(B),metrics/mAP50-95(B),fitness
mean,0.8456043716562116,0.8262742065136626,0.8735806971156916,0.5208839687953425,0.5561536416273775
std,0.03976575185546245,0.03721531821189549,0.03803839614205663,0.027597289709381356,0.028328402360939694
min,0.777006142987553,0.7736486486486487,0.8307212654083512,0.48095452648528736,0.5162448510711353
max,0.8725007177867534,0.8581081081081081,0.9074677000640663,0.5454870894206141,0.5811721769858348
