,metrics/precision(B),metrics/recall(B),metrics/mAP50(B),metrics/mAP50-95(B),metrics/precision(M),metrics/recall(M),metrics/mAP50(M),metrics/mAP50-95(M),fitness
mean,0.8577633136781682,0.8495058946740258,0.8959043267614126,0.5435674774281039,0.8540804909674427,0.8489120239215872,0.8893081629652739,0.5455255692273291,1.1587049909625582
std,0.03550594438277243,0.015833599988325914,0.02502660891083305,0.01187328159694491,0.0368173970663787,0.019885675977113375,0.025802216687463707,0.014105745640771862,0.027516179573343746
min,0.8232431927583428,0.8344594594594594,0.8765362590554865,0.5329765417717358,0.8036035475092699,0.8294098586171257,0.8601019363776423,0.5344203814142255,1.1352232162480886
max,0.9103180055848512,0.8716216216216216,0.9353366070853933,0.563663842129418,0.9031855919888419,0.8817567567567568,0.9245154410995073,0.5701968926221804,1.2064598660949286
