,metrics/precision(B),metrics/recall(B),metrics/mAP50(B),metrics/mAP50-95(B),metrics/precision(M),metrics/recall(M),metrics/mAP50(M),metrics/mAP50-95(M),fitness
mean,0.8634879425573011,0.8597042624953815,0.8956056084010257,0.5349315839373899,0.8579977096426352,0.8570201320296954,0.8875416961595773,0.5399269743819801,1.1456874329434932
std,0.03399309285960405,0.019675205663290205,0.025322742948630045,0.02334825480682244,0.036752789737776174,0.023835920212878062,0.027070199670593598,0.020245383650382465,0.043141301666104005
min,0.8232431927583428,0.8344594594594594,0.8750426672535518,0.4989395018491013,0.8036035475092699,0.8294098586171257,0.8601019363776423,0.5136614680943613,1.0857279274149114
max,0.9103180055848512,0.8854512985662383,0.9353366070853933,0.563663842129418,0.9031855919888419,0.8817567567567568,0.9245154410995073,0.5701968926221804,1.2064598660949286
