,metrics/precision(B),metrics/recall(B),metrics/mAP50(B),metrics/mAP50-95(B),metrics/precision(M),metrics/recall(M),metrics/mAP50(M),metrics/mAP50-95(M),fitness
mean,0.8577383676020294,0.6896938013442868,0.7701443877658029,0.45345194471594563,0.8592555810793912,0.6793551859011037,0.7652601201843557,0.46383830619334177,0.9791016766133745
std,,,,,,,,,
min,0.8577383676020294,0.6896938013442868,0.7701443877658029,0.45345194471594563,0.8592555810793912,0.6793551859011037,0.7652601201843557,0.46383830619334177,0.9791016766133745
max,0.8577383676020294,0.6896938013442868,0.7701443877658029,0.45345194471594563,0.8592555810793912,0.6793551859011037,0.7652601201843557,0.46383830619334177,0.9791016766133745
